<?xml version="1.0" encoding="UTF-8"?>
<project-private xmlns="http://www.netbeans.org/ns/project-private/1">
    <editor-bookmarks xmlns="http://www.netbeans.org/ns/editor-bookmarks/2" lastBookmarkId="0"/>
    <open-files xmlns="http://www.netbeans.org/ns/projectui-open-files/2">
        <group>
            <file>file:/D:/KIJ%20F/KIJ_Chat_Client/src/kij_chat_client/Read.java</file>
            <file>file:/D:/KIJ%20F/KIJ_Chat_Client/src/kij_chat_client/Main.java</file>
            <file>file:/D:/KIJ%20F/KIJ_Chat_Client/src/kij_chat_client/Client.java</file>
            <file>file:/D:/KIJ%20F/KIJ_Chat_Client/src/kij_chat_client/Write.java</file>
        </group>
    </open-files>
</project-private>
