<?xml version="1.0" encoding="UTF-8"?>
<project-private xmlns="http://www.netbeans.org/ns/project-private/1">
    <editor-bookmarks xmlns="http://www.netbeans.org/ns/editor-bookmarks/2" lastBookmarkId="0"/>
    <open-files xmlns="http://www.netbeans.org/ns/projectui-open-files/2">
        <group>
            <file>file:/D:/KIJ%20F/KIJ_Chat_Server/src/kij_chat_server/Group.java</file>
            <file>file:/D:/KIJ%20F/KIJ_Chat_Server/src/kij_chat_server/User.java</file>
            <file>file:/D:/KIJ%20F/KIJ_Chat_Server/src/kij_chat_server/Main.java</file>
            <file>file:/D:/KIJ%20F/KIJ_Chat_Server/src/kij_chat_server/Pair.java</file>
            <file>file:/D:/KIJ%20F/KIJ_Chat_Server/src/kij_chat_server/Client.java</file>
        </group>
    </open-files>
</project-private>
